Title,Review Rating,Review Count,Ingredient Count,Bake and Prep Time,Cool Time
Ultimate Brookies,4.0,37,21,105.0,120.0
Millionaire's Shortbread,4.5,842,11,105.0,90.0
Ultimate Turtle Brownies,4.5,18,19,105.0,90.0
Lemon Bars,4.5,134,11,90.0,120.0
Chewy Brownies,4.0,306,13,60.0,150.0
Strawberry Cheesecake Bars,4.5,327,12,165.0,150.0
Lemon Cookie Bars,4.5,138,14,75.0,180.0
Browned Butter Blondies,4.0,218,11,75.0,120.0
Vegan Brownies,4.5,89,11,55.0,180.0
Ultranutty Pecan Bars,4.5,389,11,60.0,90.0
Chocolate Fudge,4.0,191,7,45.0,120.0
Cream Cheese Brownies,4.5,115,12,75.0,120.0
Crispy Rice Cereal Treats,4.0,108,5,15.0,60.0
Key Lime Bars,4.0,92,11,75.0,60.0
Classic Brownies,4.5,81,9,75.0,120.0
"Chewy, Fudgy Triple Chocolate Brownies",4.0,112,9,60.0,120.0
S'mores Bars,4.5,196,8,90.0,240.0
Gooey Butter Cake Bars,4.0,81,10,105.0,210.0
Blondies,4.0,113,9,75.0,20.0
Cheesecake Bars,4.5,61,11,105.0,120.0
Easy Chocolate Chunk Brownies,4.0,77,11,60.0,150.0
Scotcheroos,4.5,139,8,60.0,120.0
Nanaimo Bars,4.0,36,16,40.0,150.0
Chocolate Ganache-Filled Brownies,4.5,73,12,105.0,315.0
Raspberry Streusel Bars,4.5,57,10,75.0,120.0
Quicker Turtle Brownies,4.0,4,11,75.0,90.0
Gluten-Free Lemon Bars,4.0,13,12,90.0,150.0
Congo Bars,4.5,36,10,75.0,20.0
Gluten-Free Fudgy Brownies,4.5,24,9,75.0,30.0
Triple-Chocolate Espresso Brownies,4.5,39,10,60.0,120.0
Crunchy Granola Bars,4.5,36,8,105.0,20.0
Chocolate Peanut Butter Fudge,5.0,30,8,40.0,120.0
Cast Iron Brownie,4.0,54,12,50.0,35.0
Basic Brownies,4.5,27,8,50.0,120.0
Almond-Cherry-Coconut Granola Bars,5.0,10,10,90.0,20.0
